Thumbs Up,0.6798325777053833,0.924740731716156,0.6574941873550415,0.77774977684021,0.6111516356468201,0.6290910840034485,0.5843374729156494,0.5058985352516174,0.5805555582046509,0.4098074436187744,0.5472320914268494,0.644698441028595,0.44176435470581055,0.6843132972717285,0.4706836938858032,0.7272975444793701,0.5109168887138367,0.7235376834869385,0.5364920496940613,0.7509632110595703,0.4334408640861511,0.7837641835212708,0.47010666131973267,0.8185942769050598,0.5119746327400208,0.8110734820365906,0.5323376059532166,0.856295645236969,0.44530221819877625,0.8777952790260315,0.48335516452789307,0.9030622839927673,0.5244673490524292,0.8962483406066895,0.5345690250396729,0.9574866890907288,0.474748432636261,0.9656285643577576,0.5080825686454773,0.9802904725074768,0.5421884059906006,0.9751636385917664
Thumbs Up,0.7116652131080627,0.8797563910484314,0.690586268901825,0.730607807636261,0.6466535925865173,0.5760658383369446,0.6247678399085999,0.4511869251728058,0.6243703961372375,0.35204246640205383,0.584681510925293,0.592156708240509,0.4780373275279999,0.6302222013473511,0.5073175430297852,0.6688750386238098,0.5472084283828735,0.6652579307556152,0.5752168893814087,0.6949250102043152,0.46893948316574097,0.7238984704017639,0.507131814956665,0.7529967427253723,0.5484549403190613,0.7475220561027527,0.57196044921875,0.796366810798645,0.478547602891922,0.8112217783927917,0.5182880163192749,0.8321791291236877,0.5590067505836487,0.8267772197723389,0.5736184120178223,0.8942347764968872,0.5072046518325806,0.895166277885437,0.5416383147239685,0.9078943133354187,0.5761771202087402,0.9050963521003723
Thumbs Up,0.5733088850975037,0.873135507106781,0.5503407716751099,0.7188715934753418,0.5070093274116516,0.5806159973144531,0.47554272413253784,0.46224895119667053,0.4669543206691742,0.3632541298866272,0.4235475957393646,0.5999376773834229,0.33186253905296326,0.6447529196739197,0.36277952790260315,0.6809068322181702,0.39918968081474304,0.6739532947540283,0.41035306453704834,0.7059178948402405,0.3265402019023895,0.7386852502822876,0.3613206744194031,0.7668262124061584,0.39780133962631226,0.7600568532943726,0.40617847442626953,0.8095649480819702,0.33661359548568726,0.8266132473945618,0.37159886956214905,0.8468185067176819,0.40753164887428284,0.8404855728149414,0.40960147976875305,0.9057993292808533,0.36464983224868774,0.9100459218025208,0.39664098620414734,0.9214534759521484,0.42605412006378174,0.9162691235542297
Thumbs Up,0.5964113473892212,0.8676770329475403,0.5643677711486816,0.7377694249153137,0.5091310143470764,0.5810502767562866,0.48103854060173035,0.4596826732158661,0.48266807198524475,0.3468974530696869,0.49811938405036926,0.5744708180427551,0.36489802598953247,0.6331358551979065,0.3908539414405823,0.6841266751289368,0.43582168221473694,0.6735357046127319,0.5059139728546143,0.6766470670700073,0.36038899421691895,0.7454816102981567,0.3933318257331848,0.7766079306602478,0.4383154809474945,0.7582151889801025,0.5117544531822205,0.7908940315246582,0.379581481218338,0.847975492477417,0.41336870193481445,0.8662856221199036,0.45709192752838135,0.8441013097763062,0.5152368545532227,0.9017283320426941,0.4080240726470947,0.9467630386352539,0.43697860836982727,0.9450048208236694,0.47975829243659973,0.9176862239837646
Thumbs Up,0.5805169343948364,0.8205782771110535,0.5762052536010742,0.6720526218414307,0.5434087514877319,0.5362407565116882,0.5117638111114502,0.42487508058547974,0.5079336166381836,0.32647255063056946,0.4270297586917877,0.5519760251045227,0.40080150961875916,0.5868098735809326,0.4257080852985382,0.6261825561523438,0.45392706990242004,0.6422626972198486,0.40343523025512695,0.6292431354522705,0.39158719778060913,0.6603554487228394,0.4177949130535126,0.6864522695541382,0.4463902711868286,0.6953282952308655,0.3941340446472168,0.713956356048584,0.3883034288883209,0.7234049439430237,0.41279536485671997,0.7460088729858398,0.4407771825790405,0.7538595199584961,0.39201807975769043,0.7942686080932617,0.3893722891807556,0.7953521609306335,0.41571885347366333,0.8115466833114624,0.4400111436843872,0.814833402633667
Thumbs Down,0.6957477927207947,0.43899378180503845,0.6770153045654297,0.5428518652915955,0.6309328675270081,0.6424115896224976,0.5977171063423157,0.7172056436538696,0.5838022828102112,0.7836335897445679,0.5620197057723999,0.5776023864746094,0.5160611867904663,0.5797523856163025,0.5633662343025208,0.5587278008460999,0.5915407538414001,0.5517562031745911,0.559359073638916,0.5071499347686768,0.5186134576797485,0.5092829465866089,0.5787843465805054,0.5020233392715454,0.5961071848869324,0.5081567764282227,0.5647298693656921,0.4391665458679199,0.5242339372634888,0.43578624725341797,0.5798619985580444,0.43832889199256897,0.5966817736625671,0.4465830326080322,0.5749486684799194,0.3736054599285126,0.5480524301528931,0.37041476368904114,0.5875758528709412,0.38414743542671204,0.6021786332130432,0.3965104818344116
Thumbs Down,0.6891930103302002,0.4527307152748108,0.674906849861145,0.5668078064918518,0.6387466192245483,0.6718207597732544,0.6117976903915405,0.7505513429641724,0.6030173897743225,0.8182315826416016,0.561803936958313,0.6145053505897522,0.5173171162605286,0.6366307735443115,0.5633992552757263,0.6089422106742859,0.5905349850654602,0.593085765838623,0.5538113117218018,0.5490816831588745,0.5169868469238281,0.5634385943412781,0.5755699872970581,0.5452855229377747,0.5924043655395508,0.5437992215156555,0.5552408695220947,0.483428955078125,0.5185250043869019,0.4928068220615387,0.5732992887496948,0.4845695197582245,0.5896017551422119,0.4836086928844452,0.5621823668479919,0.4151168167591095,0.5338885188102722,0.42178693413734436,0.5744978785514832,0.42910900712013245,0.590639591217041,0.4340108633041382
Thumbs Down,0.6704410314559937,0.4455617070198059,0.6562672257423401,0.5593685507774353,0.6182456612586975,0.6633493304252625,0.5893794298171997,0.7413269281387329,0.5815817713737488,0.8095611333847046,0.5455211400985718,0.6038888096809387,0.49854975938796997,0.6188140511512756,0.5447456240653992,0.5944868326187134,0.5739036798477173,0.5811966061592102,0.5386611819267273,0.5375168323516846,0.4958580732345581,0.5491837859153748,0.55507493019104,0.5348921418190002,0.5762039422988892,0.5352914333343506,0.541096031665802,0.47216254472732544,0.4978673458099365,0.47865697741508484,0.5534815192222595,0.47463417053222656,0.5739433765411377,0.47719961404800415,0.5491865277290344,0.4057941734790802,0.5213068723678589,0.40786516666412354,0.5616589188575745,0.41702449321746826,0.5785715579986572,0.4259069859981537
Thumbs Down,0.6194226741790771,0.5183683633804321,0.6152361035346985,0.6383285522460938,0.5999133586883545,0.7371513247489929,0.5866826176643372,0.8193385601043701,0.5915453433990479,0.8815873265266418,0.5186958312988281,0.698875904083252,0.4750535190105438,0.7370228171348572,0.5142492651939392,0.7016453742980957,0.5430617928504944,0.6751890182495117,0.5042957067489624,0.6419600248336792,0.4636106789112091,0.675076961517334,0.519217848777771,0.6427198648452759,0.5432422161102295,0.6262839436531067,0.4999746084213257,0.5807175040245056,0.4578387141227722,0.6085924506187439,0.5125783085823059,0.5879466533660889,0.5373096466064453,0.576044499874115,0.5031039714813232,0.5135245323181152,0.47574517130851746,0.5279150009155273,0.5154767632484436,0.5314518809318542,0.5351094007492065,0.5335777997970581
Thumbs Down,0.6292367577552795,0.5176835656166077,0.6073811650276184,0.6193323135375977,0.5626827478408813,0.7094108462333679,0.5349836945533752,0.7800838351249695,0.5261586904525757,0.8423482775688171,0.4965299963951111,0.6233211159706116,0.4529675543308258,0.6337563395500183,0.498998761177063,0.6309030055999756,0.5284601449966431,0.6230522394180298,0.4977211356163025,0.5593180656433105,0.4586710035800934,0.569334864616394,0.5168097019195557,0.5765440464019775,0.5332129597663879,0.5709906220436096,0.5067790150642395,0.4979219436645508,0.46868667006492615,0.5034867525100708,0.5215557217597961,0.5176752209663391,0.5357051491737366,0.5134581923484802,0.5204195380210876,0.4379214644432068,0.4970787465572357,0.44490545988082886,0.5335334539413452,0.4697917401790619,0.5461468696594238,0.47247669100761414
Thumbs Down,0.6364020109176636,0.4507949650287628,0.6359988451004028,0.565956175327301,0.6244418025016785,0.6630799174308777,0.6134475469589233,0.7427311539649963,0.6171908378601074,0.8051328063011169,0.5427526235580444,0.6349900364875793,0.5023078918457031,0.6755743026733398,0.5403231978416443,0.6380272507667542,0.5662478804588318,0.6105817556381226,0.5262652039527893,0.5817722082138062,0.4900016486644745,0.6185369491577148,0.5415263772010803,0.5810976624488831,0.5640119314193726,0.5587720274925232,0.5198838710784912,0.5239766836166382,0.48154574632644653,0.555892288684845,0.5324509739875793,0.5297544002532959,0.557241678237915,0.5115828514099121,0.520241379737854,0.4585113227367401,0.4914848804473877,0.4804523289203644,0.5308356285095215,0.4804028570652008,0.5538316369056702,0.4770813286304474
Thumbs Down,0.17846925556659698,0.41241154074668884,0.19793306291103363,0.5209323167800903,0.24142369627952576,0.6202021837234497,0.2686254382133484,0.7038620710372925,0.2731517255306244,0.7841324806213379,0.34608104825019836,0.5570765733718872,0.3034493029117584,0.5655157566070557,0.2552281618118286,0.5380088686943054,0.2332526594400406,0.5177123546600342,0.35418492555618286,0.4765823781490326,0.3013855218887329,0.49438127875328064,0.24835574626922607,0.47758740186691284,0.22431321442127228,0.46611732244491577,0.34564483165740967,0.40132516622543335,0.2925236225128174,0.4176880717277527,0.247118279337883,0.4212309420108795,0.23034250736236572,0.4246840476989746,0.3276948034763336,0.3304242193698883,0.29208067059516907,0.3510114252567291,0.2562278211116791,0.37010467052459717,0.24266105890274048,0.3847382962703705
Thumbs Down,0.2492637038230896,0.3890734612941742,0.25164374709129333,0.4994796812534332,0.27580663561820984,0.6140415668487549,0.2852780520915985,0.7113919258117676,0.2714652419090271,0.78950434923172,0.38649982213974,0.597614049911499,0.3481513559818268,0.5816442966461182,0.3033186197280884,0.5353168845176697,0.2848511040210724,0.5129532814025879,0.4075830578804016,0.5257881283760071,0.36382949352264404,0.5221227407455444,0.31304529309272766,0.4835808575153351,0.2917565405368805,0.46463337540626526,0.41189566254615784,0.4511936604976654,0.3681228756904602,0.4467732608318329,0.3217707872390747,0.428872287273407,0.3051014840602875,0.42419716715812683,0.40596163272857666,0.3749792277812958,0.3738400340080261,0.3771912157535553,0.33616602420806885,0.38058701157569885,0.32242998480796814,0.3880554437637329
Thumbs Down,0.2790370583534241,0.38837337493896484,0.28019478917121887,0.5018172264099121,0.2999255955219269,0.6151604056358337,0.3064379096031189,0.7079677581787109,0.2959327697753906,0.7843759655952454,0.41364675760269165,0.5958288908004761,0.37302055954933167,0.5864962935447693,0.3289346992969513,0.5379924774169922,0.3084702491760254,0.5099269151687622,0.43323174118995667,0.5234991312026978,0.387248694896698,0.5270132422447205,0.3368392586708069,0.4828835427761078,0.31312131881713867,0.45864853262901306,0.4363569915294647,0.44973334670066833,0.3898361325263977,0.45147573947906494,0.34334391355514526,0.4269610047340393,0.32454293966293335,0.41700902581214905,0.42986297607421875,0.3744925856590271,0.39841532707214355,0.38139063119888306,0.35980430245399475,0.3811410367488861,0.3436683714389801,0.3863084614276886
Thumbs Down,0.2123718559741974,0.3608694076538086,0.21070760488510132,0.47169846296310425,0.23051884770393372,0.5878090858459473,0.2337995320558548,0.6830675601959229,0.21976913511753082,0.7598245143890381,0.3391117453575134,0.576360821723938,0.2899072468280792,0.5747566819190979,0.24896641075611115,0.5217426419258118,0.2372048944234848,0.49477189779281616,0.3598330020904541,0.5060722231864929,0.3004576861858368,0.5122168660163879,0.2547477185726166,0.4623650014400482,0.2401016652584076,0.43690255284309387,0.3645038604736328,0.4317817986011505,0.30757445096969604,0.4342607259750366,0.2668163478374481,0.40654292702674866,0.2569301128387451,0.3970058262348175,0.3596961200237274,0.3575468361377716,0.3185148239135742,0.3627588152885437,0.2817375361919403,0.35950103402137756,0.26932018995285034,0.36496686935424805
Thumbs Down,0.22621820867061615,0.3711952269077301,0.2263808399438858,0.4886411726474762,0.24793696403503418,0.5985147953033447,0.2638538181781769,0.6860601902008057,0.2675105035305023,0.7648473381996155,0.355293869972229,0.5766823291778564,0.3077859878540039,0.5821414589881897,0.26866376399993896,0.53470778465271,0.25703778862953186,0.5051708221435547,0.3736056387424469,0.5051664113998413,0.3151751160621643,0.5190365314483643,0.27232596278190613,0.47532808780670166,0.25841349363327026,0.44936954975128174,0.3759489059448242,0.4317898154258728,0.31821295619010925,0.44230157136917114,0.2793683707714081,0.4183100759983063,0.26856184005737305,0.40667468309402466,0.3691549003124237,0.35898318886756897,0.3278966546058655,0.3725879490375519,0.29211828112602234,0.371785432100296,0.27857571840286255,0.3755330741405487
Thumbs Down,0.25308385491371155,0.33971962332725525,0.2562883198261261,0.4361753463745117,0.2778855264186859,0.542023241519928,0.28463706374168396,0.6336825489997864,0.2744925916194916,0.707393229007721,0.38262835144996643,0.5274469256401062,0.35901936888694763,0.5044495463371277,0.31791892647743225,0.4620018005371094,0.29338517785072327,0.4400436282157898,0.40247640013694763,0.45927608013153076,0.37211254239082336,0.4400569796562195,0.32455238699913025,0.41069963574409485,0.2984786033630371,0.3987709581851959,0.4067079722881317,0.39105671644210815,0.37707963585853577,0.37345680594444275,0.3335038423538208,0.3619867265224457,0.3113716244697571,0.3620143234729767,0.4019921123981476,0.3243037164211273,0.3868563771247864,0.31759917736053467,0.35193875432014465,0.3181418478488922,0.3331349492073059,0.3235511779785156
Thumbs Down,0.2552098035812378,0.2677350640296936,0.2617325782775879,0.35825762152671814,0.29106661677360535,0.4509398341178894,0.3058321177959442,0.533231794834137,0.3019275367259979,0.6042459607124329,0.3873947560787201,0.419508159160614,0.3718714118003845,0.3777320981025696,0.3293050527572632,0.3499791622161865,0.30307042598724365,0.3440629243850708,0.4023769795894623,0.3474830090999603,0.3794119358062744,0.31068623065948486,0.3276863396167755,0.3001517951488495,0.3006382882595062,0.3060589134693146,0.4026023745536804,0.280335932970047,0.37930741906166077,0.2497665137052536,0.3328000009059906,0.25446823239326477,0.3095381259918213,0.27061110734939575,0.39474034309387207,0.21905475854873657,0.38324275612831116,0.20107032358646393,0.34539562463760376,0.21067914366722107,0.3248906433582306,0.22824877500534058
Wave,0.7327480912208557,0.843623161315918,0.661541759967804,0.8401299715042114,0.5891625285148621,0.7885629534721375,0.536799967288971,0.7509558796882629,0.493184357881546,0.7385263442993164,0.59434574842453,0.6030812859535217,0.5521084666252136,0.5041694641113281,0.5284146666526794,0.44565674662590027,0.5100793242454529,0.39331573247909546,0.6287783980369568,0.5575583577156067,0.5898848176002502,0.43516862392425537,0.5667914152145386,0.3591495752334595,0.5477496385574341,0.29579538106918335,0.6694787740707397,0.5425913333892822,0.6422179937362671,0.42260926961898804,0.6273165345191956,0.3516898453235626,0.6111032962799072,0.2914216220378876,0.7147101759910583,0.5505053400993347,0.709257960319519,0.45628583431243896,0.7029351592063904,0.39625096321105957,0.6936229467391968,0.3414504826068878
Wave,0.7561109662055969,0.8440733551979065,0.6815863251686096,0.8525986075401306,0.6069048047065735,0.8092436790466309,0.5549402832984924,0.776701807975769,0.5105971693992615,0.7677144408226013,0.6024062633514404,0.6298792362213135,0.5508193969726562,0.5468049049377441,0.5213567614555359,0.4951951205730438,0.49756279587745667,0.447746604681015,0.633384108543396,0.5799882411956787,0.5868808031082153,0.4713698923587799,0.5592555999755859,0.4013840854167938,0.5360158085823059,0.34160009026527405,0.671485185623169,0.5556150078773499,0.6354694366455078,0.44691038131713867,0.6131895184516907,0.38231605291366577,0.5904581546783447,0.325893372297287,0.7161920070648193,0.5507878065109253,0.7017192244529724,0.46021294593811035,0.6889926195144653,0.40290015935897827,0.6737934947013855,0.3502703607082367
Wave,0.7540085911750793,0.9215592741966248,0.6857471466064453,0.8510797023773193,0.639580488204956,0.7365350127220154,0.611625611782074,0.6501403450965881,0.579608142375946,0.6030378341674805,0.7014702558517456,0.5839167237281799,0.6940534114837646,0.47054043412208557,0.6923584342002869,0.399234414100647,0.6941404938697815,0.3362414240837097,0.7483813166618347,0.5741375088691711,0.7539782524108887,0.4415292739868164,0.7585060000419617,0.35798588395118713,0.7644802927970886,0.2882661521434784,0.7889744639396667,0.5934410691261292,0.8062339425086975,0.47723421454429626,0.8139619827270508,0.4077165126800537,0.8197249174118042,0.34558671712875366,0.8261080980300903,0.6376323103904724,0.8528093695640564,0.5607001185417175,0.8679167628288269,0.5106383562088013,0.880077064037323,0.46133989095687866
Wave,0.7204925417900085,1.0296690464019775,0.6763995289802551,0.9247934818267822,0.667434573173523,0.7914499640464783,0.6659719944000244,0.6909271478652954,0.6515976190567017,0.6192461848258972,0.7706043720245361,0.7163245677947998,0.8019834160804749,0.6082027554512024,0.8257542848587036,0.5425742864608765,0.8487610816955566,0.49009135365486145,0.8140107989311218,0.7518595457077026,0.8561647534370422,0.6419110894203186,0.8866593241691589,0.5707840323448181,0.9150304794311523,0.5142179727554321,0.8454045057296753,0.8073811531066895,0.8954718112945557,0.7177276611328125,0.9285401105880737,0.6582119464874268,0.9572609066963196,0.6062595248222351,0.8661086559295654,0.8793619275093079,0.9252931475639343,0.8468942642211914,0.9661597013473511,0.824616014957428,1.0027652978897095,0.8008182048797607
Wave,0.702593982219696,1.0723048448562622,0.6712051033973694,0.961841344833374,0.6670224070549011,0.8252303600311279,0.6679275631904602,0.7214081883430481,0.6575919389724731,0.6412952542304993,0.7800828814506531,0.7624354958534241,0.8196555376052856,0.6577911972999573,0.8469458222389221,0.5977333784103394,0.8722119927406311,0.5487333536148071,0.8210577964782715,0.8104338049888611,0.8730093836784363,0.7094135880470276,0.9054192900657654,0.645965039730072,0.9344164729118347,0.5926283001899719,0.8480678796768188,0.8786576986312866,0.9043996334075928,0.8018131852149963,0.9406133890151978,0.7495977878570557,0.9708751440048218,0.7014822363853455,0.8641681671142578,0.9614695310592651,0.9228251576423645,0.9332696795463562,0.9617047309875488,0.9119758605957031,0.9959269762039185,0.8859243392944336
Wave,0.6762502789497375,0.8881041407585144,0.6081067323684692,0.8828442692756653,0.5466737151145935,0.8141289949417114,0.5032545924186707,0.7609298825263977,0.4642689824104309,0.7383963465690613,0.5730180740356445,0.6343117356300354,0.5400253534317017,0.5243926644325256,0.5214511156082153,0.4555746912956238,0.5070605278015137,0.3974958658218384,0.6121643781661987,0.6014863848686218,0.588499128818512,0.47453978657722473,0.5743363499641418,0.39135631918907166,0.5627809762954712,0.3217673897743225,0.6542049646377563,0.6005991697311401,0.6449478268623352,0.47638675570487976,0.6395883560180664,0.3987402021884918,0.6335951089859009,0.3327295482158661,0.6966079473495483,0.6241617202758789,0.7017826437950134,0.5292328000068665,0.7027739882469177,0.46695831418037415,0.7014207243919373,0.4096239507198334
Wave,0.6926662921905518,0.8205053210258484,0.6304561495780945,0.8780001401901245,0.5565189719200134,0.8901147842407227,0.5045193433761597,0.8942263126373291,0.4658423066139221,0.9187433123588562,0.5104290246963501,0.7130233645439148,0.4450138509273529,0.6697730422019958,0.4054765999317169,0.6404662728309631,0.37256553769111633,0.6118170619010925,0.5267489552497864,0.6454160809516907,0.45972779393196106,0.5727508664131165,0.41857466101646423,0.5271697640419006,0.38377222418785095,0.4895024597644806,0.5568022727966309,0.6012828350067139,0.5029303431510925,0.5180001258850098,0.4712991416454315,0.4677482843399048,0.44098949432373047,0.42631223797798157,0.5968961715698242,0.5770899057388306,0.5676129460334778,0.5010861158370972,0.5473387241363525,0.45366352796554565,0.526218831539154,0.41068392992019653
Wave,0.68809574842453,0.8363457918167114,0.648953914642334,0.9518323540687561,0.5990879535675049,1.0306882858276367,0.559847354888916,1.0892832279205322,0.5360646843910217,1.1396484375,0.5001949667930603,0.9032415747642517,0.4320850670337677,0.9353164434432983,0.3898208737373352,0.9529885053634644,0.35329556465148926,0.9635276198387146,0.497331440448761,0.8308606147766113,0.4187893569469452,0.8246586918830872,0.37117114663124084,0.8244717121124268,0.33268994092941284,0.8217335939407349,0.5108356475830078,0.7686430811882019,0.4428263008594513,0.7377113103866577,0.4014036953449249,0.7271356582641602,0.3663339614868164,0.7192729115486145,0.5364037752151489,0.7133307456970215,0.48743975162506104,0.66745525598526,0.4544515013694763,0.6436014771461487,0.4226195812225342,0.6231071352958679
Wave,0.6883275508880615,0.8482121229171753,0.620424211025238,0.8861435055732727,0.5459060668945312,0.8797761797904968,0.4943520724773407,0.8665855526924133,0.4547457695007324,0.8677210807800293,0.5174820423126221,0.7031006217002869,0.45646148920059204,0.6478648781776428,0.41959041357040405,0.6142158508300781,0.38827890157699585,0.5835282802581787,0.5378538370132446,0.6441232562065125,0.4739167094230652,0.5543400645256042,0.4354335069656372,0.5006874799728394,0.4018200635910034,0.4563237726688385,0.5681552886962891,0.6052313446998596,0.5188719034194946,0.5198008418083191,0.48857489228248596,0.47118815779685974,0.45959407091140747,0.4326598048210144,0.6079822778701782,0.5845109224319458,0.5805391669273376,0.5085842609405518,0.5611324310302734,0.4617767035961151,0.5415879487991333,0.421944260597229
Wave,0.6810308694839478,0.9514812231063843,0.6076788306236267,0.9024553298950195,0.5532481670379639,0.7975175380706787,0.5233179330825806,0.7159826159477234,0.49458035826683044,0.6769247651100159,0.6045851707458496,0.6403723359107971,0.5870798230171204,0.5273917317390442,0.577824592590332,0.45848923921585083,0.5722917318344116,0.3994826674461365,0.6482486128807068,0.6224353909492493,0.6416497826576233,0.49402323365211487,0.6387821435928345,0.4139140844345093,0.6368449926376343,0.34927573800086975,0.6883334517478943,0.6298876404762268,0.6925619840621948,0.5170918703079224,0.6922863721847534,0.4500548839569092,0.6900044083595276,0.3931625187397003,0.7268345355987549,0.6572177410125732,0.7418301701545715,0.5772475600242615,0.7498285174369812,0.5284765362739563,0.7563216090202332,0.4822615385055542
Wave,0.6651636362075806,1.043823003768921,0.6205999851226807,0.9493624567985535,0.6059839129447937,0.8260648846626282,0.604062020778656,0.7321028113365173,0.5950101017951965,0.6570276618003845,0.7025185823440552,0.7376298904418945,0.7281895875930786,0.6330748200416565,0.7453196048736572,0.5741894245147705,0.760565996170044,0.5278286933898926,0.7453577518463135,0.7739740610122681,0.7830532789230347,0.672646701335907,0.8073368668556213,0.6116810441017151,0.827194333076477,0.5643808841705322,0.7755391001701355,0.8311259746551514,0.818827748298645,0.7511616349220276,0.8413296341896057,0.7000591158866882,0.8580670356750488,0.6533297300338745,0.7966777086257935,0.9030333161354065,0.8421775102615356,0.8648024797439575,0.8680106997489929,0.832187831401825,0.890164852142334,0.797146201133728
Wave,0.6425064206123352,1.0692789554595947,0.6008774042129517,0.9728243350982666,0.5864053964614868,0.8542635440826416,0.5825133919715881,0.7619532942771912,0.5699868202209473,0.690381646156311,0.6771706938743591,0.7644504904747009,0.6974557042121887,0.6595450043678284,0.7129166126251221,0.5967804193496704,0.7263315320014954,0.5474033951759338,0.7184939384460449,0.7947491407394409,0.7523908615112305,0.6902465224266052,0.7724387645721436,0.6282175779342651,0.7888562679290771,0.580473780632019,0.7497531771659851,0.848410964012146,0.7903246283531189,0.7624126672744751,0.8130665421485901,0.7119705080986023,0.8312264680862427,0.6680000424385071,0.7729763984680176,0.9189190864562988,0.8207442164421082,0.8763374090194702,0.8499130606651306,0.8471442461013794,0.8756299018859863,0.8182960748672485
Wave,0.6365009546279907,0.9361267685890198,0.5695734024047852,0.9098976254463196,0.5136770009994507,0.8300577998161316,0.4769900143146515,0.7692334055900574,0.4425210952758789,0.7410606145858765,0.5332973003387451,0.655036211013794,0.5081411600112915,0.5529202222824097,0.4983561336994171,0.4886590540409088,0.4933164715766907,0.4336881637573242,0.5692271590232849,0.6229913830757141,0.547906756401062,0.5018343329429626,0.538033664226532,0.4282756447792053,0.5306994915008545,0.3701295256614685,0.6080774068832397,0.619994044303894,0.5983220934867859,0.5040721893310547,0.5947859883308411,0.4386814534664154,0.5898632407188416,0.3824402689933777,0.6494048833847046,0.6384330987930298,0.6600341796875,0.5461908578872681,0.6634823083877563,0.49000585079193115,0.6634784936904907,0.4363154172897339
Wave,0.6385356783866882,0.8863411545753479,0.5783542990684509,0.9393643736839294,0.5124232172966003,0.9501773715019226,0.4632244110107422,0.9525136947631836,0.4210662245750427,0.9664338827133179,0.4601978063583374,0.7864569425582886,0.39824676513671875,0.7486990094184875,0.35960653424263,0.7183760404586792,0.32825586199760437,0.6893468499183655,0.4748903810977936,0.7186752557754517,0.4140543043613434,0.6445814967155457,0.37695208191871643,0.5990418791770935,0.3478805422782898,0.5648825764656067,0.5024980306625366,0.6719207167625427,0.45299553871154785,0.5922229886054993,0.4223339557647705,0.5485901236534119,0.3951968848705292,0.5146744847297668,0.5398799180984497,0.6444424390792847,0.513291597366333,0.5659270286560059,0.49541381001472473,0.518783688545227,0.47823452949523926,0.47869691252708435
Wave,0.6431622505187988,0.8500818610191345,0.5980348587036133,0.9470847249031067,0.5453649759292603,1.014114499092102,0.50813227891922,1.0618113279342651,0.4855501651763916,1.1049860715866089,0.46189984679222107,0.8840744495391846,0.3958953022956848,0.8965427875518799,0.3550470769405365,0.9009443521499634,0.3204917907714844,0.9013453125953674,0.46219566464424133,0.8137417435646057,0.3886050283908844,0.7930445075035095,0.3425580859184265,0.7826701998710632,0.30534863471984863,0.7727802991867065,0.47834160923957825,0.7545361518859863,0.41329509019851685,0.7147106528282166,0.37306755781173706,0.6969181299209595,0.3385579586029053,0.6835491061210632,0.5072558522224426,0.70489102602005,0.46459951996803284,0.6503015160560608,0.43330392241477966,0.6222209334373474,0.4030590355396271,0.5991051197052002
Wave,0.6431973576545715,0.9831821918487549,0.6070057153701782,0.9712819457054138,0.5687001347541809,0.9073902368545532,0.5507557988166809,0.8440425395965576,0.5506097674369812,0.793304443359375,0.5998912453651428,0.7290780544281006,0.5924330949783325,0.623753011226654,0.5814946889877319,0.5462761521339417,0.5713096857070923,0.4887039065361023,0.6371105313301086,0.7248993515968323,0.5849425196647644,0.7502099275588989,0.5708462595939636,0.8386756181716919,0.573890745639801,0.898304283618927,0.6653725504875183,0.7554817199707031,0.6081526875495911,0.7939848303794861,0.5990389585494995,0.8724544644355774,0.6039235591888428,0.9221159815788269,0.6865441799163818,0.8027777075767517,0.633655309677124,0.8329371809959412,0.6209582090377808,0.8934735059738159,0.6237328052520752,0.9333146214485168
Up,0.5926350355148315,0.9343921542167664,0.5415557026863098,0.8484009504318237,0.5231915712356567,0.7723830938339233,0.5091326832771301,0.7138617634773254,0.5008710026741028,0.6899827718734741,0.6023863554000854,0.6335397362709045,0.5810555815696716,0.5335596203804016,0.5754343271255493,0.45948585867881775,0.5717352032661438,0.3952832818031311,0.60788494348526,0.6531127095222473,0.5166614651679993,0.6261500716209412,0.5120229125022888,0.6897624731063843,0.5324649810791016,0.7123532295227051,0.5993397235870361,0.6876605153083801,0.5095959305763245,0.6767923831939697,0.51118403673172,0.7322818636894226,0.5338377356529236,0.7465704679489136,0.5823072791099548,0.7311411499977112,0.5098183751106262,0.7353384494781494,0.5097851157188416,0.7793851494789124,0.5287306904792786,0.7917816638946533
Up,0.6437954902648926,0.886985719203949,0.5896257758140564,0.7976054549217224,0.5724354386329651,0.7240034341812134,0.5631476044654846,0.6652722954750061,0.5544974207878113,0.654013991355896,0.6597077250480652,0.6039741635322571,0.6462506651878357,0.5019564628601074,0.6411711573600769,0.4301441013813019,0.6383893489837646,0.3692876100540161,0.6763266324996948,0.6197242140769958,0.5934464931488037,0.5642920732498169,0.5773016214370728,0.6345810294151306,0.5924321413040161,0.6667937636375427,0.6737575531005859,0.6499501466751099,0.5871152877807617,0.6160604357719421,0.5808083415031433,0.6754738688468933,0.600764274597168,0.6994171738624573,0.658173680305481,0.6878734230995178,0.5868784189224243,0.6833512187004089,0.5825342535972595,0.729421079158783,0.5990642309188843,0.7483847141265869
Up,0.5821812152862549,0.8167833685874939,0.5356463193893433,0.7513415813446045,0.5134647488594055,0.6783893704414368,0.5015659332275391,0.6169506907463074,0.5138307213783264,0.5747378468513489,0.5822011232376099,0.5645748972892761,0.576774537563324,0.48436424136161804,0.5681049823760986,0.4216286838054657,0.5645065903663635,0.371342271566391,0.6003310084342957,0.565817654132843,0.5449946522712708,0.5195716619491577,0.5295779705047607,0.5808548331260681,0.5400214791297913,0.6147769689559937,0.6110649704933167,0.5746860504150391,0.5453259348869324,0.5514441132545471,0.5389161109924316,0.6195891499519348,0.5563310980796814,0.648328959941864,0.6122709512710571,0.594393789768219,0.5536037087440491,0.5754029750823975,0.5491558909416199,0.6283835172653198,0.5656136274337769,0.6558751463890076
Up,0.584768533706665,0.8239031434059143,0.5362589955329895,0.7534528374671936,0.5177183151245117,0.6887232661247253,0.507585883140564,0.6280884742736816,0.5193526148796082,0.6078954339027405,0.59648197889328,0.5531772375106812,0.587350070476532,0.4498673677444458,0.5808024406433105,0.3794703483581543,0.5770648717880249,0.32024282217025757,0.6192102432250977,0.5657098293304443,0.5426502227783203,0.5228505730628967,0.5271578431129456,0.597888171672821,0.540888786315918,0.6321617960929871,0.6263467073440552,0.5933845639228821,0.5460036396980286,0.5646389722824097,0.5390292406082153,0.6334914565086365,0.5559800863265991,0.6626946926116943,0.620120644569397,0.6320880651473999,0.5517742037773132,0.6184837818145752,0.5444375276565552,0.6723129749298096,0.557873547077179,0.6993929743766785
Up,0.5996237397193909,0.819311797618866,0.5544789433479309,0.7165101766586304,0.5515655875205994,0.6317812204360962,0.5523280501365662,0.5623936057090759,0.547314465045929,0.515988290309906,0.6329531669616699,0.5388566851615906,0.6222193241119385,0.43037980794906616,0.6197949051856995,0.35604164004325867,0.6189669966697693,0.29002371430397034,0.6380038857460022,0.5538666248321533,0.5507687926292419,0.4990478754043579,0.5351075530052185,0.5617363452911377,0.5480368137359619,0.6034204959869385,0.6274520754814148,0.5812256336212158,0.5382601022720337,0.544255793094635,0.5306022763252258,0.6059706807136536,0.5479960441589355,0.6394597887992859,0.6098424196243286,0.6164980530738831,0.534336507320404,0.6029861569404602,0.5229775905609131,0.6499025821685791,0.5350986123085022,0.6752471923828125
Up,0.586297333240509,0.8043490648269653,0.5456275343894958,0.7425423860549927,0.5191671848297119,0.6534930467605591,0.5259748697280884,0.5862475633621216,0.560131311416626,0.5701754093170166,0.5790720582008362,0.524447500705719,0.582502543926239,0.42208942770957947,0.5833178758621216,0.35352370142936707,0.5853420495986938,0.2979104220867157,0.6086358428001404,0.5321950912475586,0.564581573009491,0.4835389256477356,0.5529117584228516,0.5615720748901367,0.565065860748291,0.6049932837486267,0.6301959156990051,0.555610179901123,0.5753666162490845,0.5340766906738281,0.5646289587020874,0.6087493896484375,0.5777966976165771,0.6389399766921997,0.6440487504005432,0.5956825613975525,0.590506911277771,0.5857951045036316,0.5814153552055359,0.6413164734840393,0.5943307876586914,0.6666491627693176
Up,0.6357478499412537,0.8099093437194824,0.5854655504226685,0.7602949738502502,0.5555521845817566,0.656611979007721,0.5849741697311401,0.5831162333488464,0.6269407868385315,0.5684993267059326,0.5854445695877075,0.552067220211029,0.580475926399231,0.4442157745361328,0.5766686201095581,0.3750276565551758,0.5757108330726624,0.31413111090660095,0.6195283532142639,0.56229168176651,0.6093480587005615,0.48029303550720215,0.5952561497688293,0.5660592913627625,0.598289430141449,0.6211417317390442,0.6510002613067627,0.5846379399299622,0.6441898345947266,0.5055186748504639,0.6232115626335144,0.5951699018478394,0.6241903901100159,0.6511306166648865,0.6808435916900635,0.6229338049888611,0.6694586873054504,0.561629593372345,0.6472233533859253,0.6181857585906982,0.6454174518585205,0.6619474291801453
Up,0.6135562658309937,0.8028578162193298,0.5704874396324158,0.7352240681648254,0.5455480813980103,0.6503775119781494,0.5471234917640686,0.5787789225578308,0.5778976678848267,0.5552874207496643,0.6090603470802307,0.5245864391326904,0.6083005666732788,0.42538508772850037,0.605543851852417,0.3592351973056793,0.6051537394523621,0.30457326769828796,0.6358480453491211,0.5322099328041077,0.5888715982437134,0.479996919631958,0.5779566764831543,0.5582877397537231,0.5906350016593933,0.6005434989929199,0.6563530564308167,0.5526381134986877,0.6004995107650757,0.5258876085281372,0.592519223690033,0.6043505072593689,0.6069595813751221,0.6366788744926453,0.6697463989257812,0.5902326703071594,0.6149840354919434,0.5722805261611938,0.6072384715080261,0.6309945583343506,0.6213010549545288,0.6591050028800964
Up,0.6335627436637878,0.78310227394104,0.6079344749450684,0.6892362236976624,0.6050688624382019,0.6105674505233765,0.5970272421836853,0.54961097240448,0.5808668732643127,0.5211011171340942,0.6771361827850342,0.5223010778427124,0.6637573838233948,0.4141910970211029,0.6591194272041321,0.3408578932285309,0.6573023200035095,0.27618464827537537,0.6751037836074829,0.5325469374656677,0.5951822996139526,0.4685794711112976,0.5836002826690674,0.5254198908805847,0.59904545545578,0.5596031546592712,0.6584400534629822,0.5532675981521606,0.5774915218353271,0.4995644688606262,0.5704594850540161,0.5590448975563049,0.5896280407905579,0.5892277956008911,0.6343339085578918,0.5807116031646729,0.5628944039344788,0.5573864579200745,0.5549731254577637,0.6068552732467651,0.5703863501548767,0.6330748200416565
Up,0.6348084211349487,0.7498218417167664,0.6649584770202637,0.6648352146148682,0.6676129102706909,0.5701531171798706,0.6442089676856995,0.5159847736358643,0.6132597923278809,0.4977372884750366,0.6807978749275208,0.5199856162071228,0.6742953062057495,0.3911295235157013,0.6704771518707275,0.3165346086025238,0.6666952967643738,0.2564844489097595,0.6489457488059998,0.5287289023399353,0.6086288690567017,0.4562186598777771,0.6058833599090576,0.5033363103866577,0.6186097860336304,0.5355138778686523,0.6135056018829346,0.5494771599769592,0.5782855749130249,0.4942971467971802,0.5801647901535034,0.5382363200187683,0.593309760093689,0.5658575296401978,0.5794630646705627,0.5761529207229614,0.559797465801239,0.5415127277374268,0.5643662214279175,0.5796708464622498,0.574434757232666,0.604773223400116
Down,0.6859775185585022,0.3319026231765747,0.6365241408348083,0.3764609098434448,0.608355700969696,0.4812532663345337,0.6192722916603088,0.5943893194198608,0.6360846757888794,0.6663072109222412,0.5565069913864136,0.49079740047454834,0.5675223469734192,0.6275230050086975,0.5726541876792908,0.7072982788085938,0.5752982497215271,0.7698854804039001,0.5851899981498718,0.493514746427536,0.6310345530509949,0.6284340023994446,0.6420083045959473,0.5857093930244446,0.632827877998352,0.5414385199546814,0.6209699511528015,0.4941076934337616,0.6616299748420715,0.6108195185661316,0.668900191783905,0.5675050616264343,0.6577214598655701,0.5311378240585327,0.6598934531211853,0.4927378296852112,0.6879615187644958,0.5776001811027527,0.6936537027359009,0.5422854423522949,0.685234010219574,0.509937584400177
Down,0.6662557721138,0.32340532541275024,0.6209011673927307,0.3818698227405548,0.6055518388748169,0.4931214451789856,0.6235417127609253,0.60088711977005,0.6419728398323059,0.6710693836212158,0.5560107827186584,0.5160393118858337,0.5751774311065674,0.6528961658477783,0.5874766707420349,0.7332939505577087,0.5959685444831848,0.7955020666122437,0.5855658054351807,0.5099389553070068,0.637710452079773,0.6351305246353149,0.6451942324638367,0.5922914743423462,0.6335644125938416,0.5494270324707031,0.6221930384635925,0.5002935528755188,0.6684365272521973,0.609811007976532,0.6728290319442749,0.5664942860603333,0.6603730320930481,0.5303483009338379,0.6611223220825195,0.48873886466026306,0.6935095191001892,0.5698760747909546,0.6968716979026794,0.5338053703308105,0.6868693828582764,0.5007266998291016
Down,0.6825479865074158,0.3652411699295044,0.6297973394393921,0.4215080738067627,0.6121370792388916,0.5363004207611084,0.6230261325836182,0.6328675150871277,0.6394603252410889,0.6920008063316345,0.6181123852729797,0.5306189656257629,0.6414993405342102,0.668141782283783,0.6578384041786194,0.7467932105064392,0.6747860312461853,0.807869553565979,0.6633802652359009,0.5226413011550903,0.6767271757125854,0.6516399383544922,0.6667562127113342,0.6288421750068665,0.6618611216545105,0.5856430530548096,0.7036967277526855,0.5133615136146545,0.7039663195610046,0.6390301585197449,0.6930400133132935,0.6142590641975403,0.6899545788764954,0.5741888880729675,0.7370874881744385,0.5066885948181152,0.7294964790344238,0.6096115112304688,0.719542384147644,0.5871735215187073,0.7193300724029541,0.5514177680015564
Down,0.6879352331161499,0.3631325960159302,0.6351831555366516,0.4234943091869354,0.6157923340797424,0.5371213555335999,0.6289817690849304,0.6331951022148132,0.6483681201934814,0.6889051198959351,0.6169372200965881,0.5403643250465393,0.6372905969619751,0.6754457950592041,0.6523624658584595,0.7546839714050293,0.6685433983802795,0.8162100315093994,0.6610528230667114,0.5361833572387695,0.6752210855484009,0.6537808179855347,0.6693227291107178,0.6314365863800049,0.6667026877403259,0.5885536074638367,0.7014913558959961,0.5264497399330139,0.7043025493621826,0.6391463875770569,0.69752037525177,0.6127930879592896,0.6956146955490112,0.5732257962226868,0.7364388704299927,0.5168873071670532,0.7342185974121094,0.6047689318656921,0.7270467281341553,0.5792367458343506,0.7265955209732056,0.5454667210578918
Down,0.730924665927887,0.3475697934627533,0.6657937169075012,0.40673133730888367,0.6395902633666992,0.513240396976471,0.6432239413261414,0.6056743860244751,0.6607385277748108,0.6589454412460327,0.6396640539169312,0.5449853539466858,0.649817168712616,0.6968586444854736,0.6581175327301025,0.7867674827575684,0.6663052439689636,0.8587669730186462,0.6835119128227234,0.5619211196899414,0.6905177235603333,0.6631990671157837,0.688621461391449,0.63502436876297,0.6864290237426758,0.5884398221969604,0.7238051891326904,0.5648328065872192,0.7177892923355103,0.6406620144844055,0.7165432572364807,0.6100649237632751,0.7168002724647522,0.5730204582214355,0.7596860527992249,0.5605337619781494,0.7478285431861877,0.6047813296318054,0.7467815279960632,0.5719479918479919,0.7481664419174194,0.5401690006256104
Down,0.6889278888702393,0.3275889754295349,0.6389130353927612,0.4012109637260437,0.6200869679450989,0.5147729516029358,0.6340795755386353,0.6115071773529053,0.6560543775558472,0.6687659621238708,0.6092238426208496,0.551106870174408,0.6251314878463745,0.684188961982727,0.6354782581329346,0.76340252161026,0.6453376412391663,0.826147198677063,0.6510026454925537,0.5509852766990662,0.6727349162101746,0.6487223505973816,0.6743779182434082,0.6149787306785583,0.6710078120231628,0.5713216066360474,0.6931326389312744,0.5379564166069031,0.707259476184845,0.6211243271827698,0.7071301937103271,0.5872592926025391,0.7044743299484253,0.5499127507209778,0.733306884765625,0.5187159776687622,0.7410073280334473,0.5857961177825928,0.7388371825218201,0.5548447966575623,0.7368479371070862,0.5225292444229126
Down,0.6415755748748779,0.3127577304840088,0.598335325717926,0.37631115317344666,0.5835677981376648,0.4883613586425781,0.6024001240730286,0.5891709327697754,0.6274676322937012,0.6524927020072937,0.5489908456802368,0.5278604030609131,0.5615205764770508,0.6554118394851685,0.5651677250862122,0.7319199442863464,0.5682423710823059,0.7927383184432983,0.5795900821685791,0.515240490436554,0.633827269077301,0.6418789029121399,0.6429157257080078,0.5976912975311279,0.6318328380584717,0.5551347136497498,0.616245687007904,0.4953552186489105,0.6604194641113281,0.6104789972305298,0.661690890789032,0.5627401471138,0.6475911140441895,0.5249838829040527,0.6528641581535339,0.4712999165058136,0.6812893152236938,0.5634186863899231,0.6814703941345215,0.5261918306350708,0.6706537008285522,0.49183982610702515
Down,0.6319640874862671,0.3074766993522644,0.5913780331611633,0.3674178719520569,0.5769037008285522,0.479585736989975,0.5965646505355835,0.585066020488739,0.6181057095527649,0.6561734080314636,0.5210465788841248,0.5079006552696228,0.5375451445579529,0.633206307888031,0.5408210754394531,0.7047843933105469,0.5400618314743042,0.7617897391319275,0.5417212843894958,0.5018777847290039,0.5950692892074585,0.6227840781211853,0.6056873798370361,0.579213559627533,0.5972349643707275,0.5384465456008911,0.5722145438194275,0.4891451597213745,0.6229499578475952,0.5921602845191956,0.6289904713630676,0.5467609167098999,0.6174805164337158,0.5146039724349976,0.6075096130371094,0.47426751255989075,0.644978404045105,0.5517084002494812,0.650471031665802,0.5130367279052734,0.6412991881370544,0.4814257025718689
Down,0.6121918559074402,0.3824770152568817,0.5806424617767334,0.45886898040771484,0.582778811454773,0.5760759115219116,0.6229507327079773,0.6676324009895325,0.6616113781929016,0.7212256789207458,0.5210663676261902,0.6325744986534119,0.5428380966186523,0.762843668460846,0.5503457188606262,0.8414003252983093,0.5528737306594849,0.9076237082481384,0.5410842299461365,0.6203898787498474,0.6156134605407715,0.7123345136642456,0.6251396536827087,0.6720522046089172,0.6105778813362122,0.6393512487411499,0.573379635810852,0.5984803438186646,0.6396108865737915,0.6758813261985779,0.6411105990409851,0.6324092745780945,0.6231431365013123,0.6060375571250916,0.6098068952560425,0.5750705003738403,0.657429575920105,0.6222434639930725,0.6563860774040222,0.5838160514831543,0.6403017044067383,0.5571319460868835
Thumbs Up,0.36815276741981506,0.8723273277282715,0.3773009777069092,0.7300065159797668,0.4056592583656311,0.6095978617668152,0.43136072158813477,0.5015913248062134,0.43370598554611206,0.41437003016471863,0.5052102208137512,0.6214175224304199,0.5228027105331421,0.6526827216148376,0.4989054203033447,0.6864657402038574,0.47547584772109985,0.6954085826873779,0.5273778438568115,0.7028660774230957,0.5299765467643738,0.7275127172470093,0.504037082195282,0.7468276023864746,0.4791310131549835,0.7543279528617859,0.532870352268219,0.7898786664009094,0.5286844372749329,0.7986618280410767,0.5068366527557373,0.8125154376029968,0.4816642999649048,0.8199988603591919,0.5314579010009766,0.868458092212677,0.5285556316375732,0.8670530319213867,0.5062941312789917,0.8751786351203918,0.48544105887413025,0.8799694776535034
Thumbs Up,0.3527832329273224,0.907219409942627,0.4148561358451843,0.7906308174133301,0.44060397148132324,0.6502038240432739,0.4444289803504944,0.5478150844573975,0.4430561065673828,0.44289085268974304,0.4040859639644623,0.5507122874259949,0.5121103525161743,0.6253331899642944,0.49591776728630066,0.6979896426200867,0.46177375316619873,0.6929804086685181,0.37413957715034485,0.6050768494606018,0.4995769262313843,0.7109745144844055,0.4785095155239105,0.766515851020813,0.44514355063438416,0.757319450378418,0.3522660732269287,0.6883119940757751,0.4704989194869995,0.7793816924095154,0.4512178301811218,0.8259015083312988,0.42299410700798035,0.815929114818573,0.3391500413417816,0.7783308625221252,0.4336594045162201,0.8347868919372559,0.4217715859413147,0.857516884803772,0.3934405446052551,0.8428995013237
Thumbs Up,0.19757409393787384,0.7905281782150269,0.23144611716270447,0.6642415523529053,0.22066400945186615,0.4975586235523224,0.20201797783374786,0.3888140320777893,0.20014148950576782,0.3035145103931427,0.09106381982564926,0.44127127528190613,0.11935138702392578,0.4643763303756714,0.16616018116474152,0.5362379550933838,0.16537593305110931,0.5528942346572876,0.04416866973042488,0.5055989027023315,0.09292289614677429,0.5587625503540039,0.15616025030612946,0.6201761364936829,0.15731996297836304,0.6108335852622986,0.01912837103009224,0.593119740486145,0.06691524386405945,0.6449540853500366,0.131916344165802,0.6896677613258362,0.13775940239429474,0.6757867932319641,0.006552209611982107,0.6873501539230347,0.04511726275086403,0.7265212535858154,0.0988510325551033,0.7481495141983032,0.11210404336452484,0.7326743006706238
Thumbs Up,0.15510515868663788,0.7710864543914795,0.16353563964366913,0.634339451789856,0.1973905861377716,0.47853749990463257,0.2067970484495163,0.3680618405342102,0.18954779207706451,0.28544074296951294,0.24411533772945404,0.49612897634506226,0.34568583965301514,0.5260411500930786,0.32078295946121216,0.5520535707473755,0.2864516079425812,0.5460153222084045,0.24959544837474823,0.5806705951690674,0.35391131043434143,0.5991986393928528,0.3227424919605255,0.6150323748588562,0.28716570138931274,0.6103074550628662,0.2539810836315155,0.6677340269088745,0.3459642231464386,0.6774280071258545,0.31626778841018677,0.6861139535903931,0.2828827202320099,0.6803483366966248,0.2577002942562103,0.7509027719497681,0.3353516757488251,0.740061342716217,0.3109533190727234,0.7438230514526367,0.2783493101596832,0.742167055606842
Thumbs Up,0.2823420464992523,0.7552692294120789,0.28782182931900024,0.6193369626998901,0.3096518814563751,0.5077566504478455,0.32782530784606934,0.41912373900413513,0.33036112785339355,0.34392282366752625,0.40899908542633057,0.5109072327613831,0.411192387342453,0.5489699840545654,0.389121413230896,0.5759519338607788,0.37036964297294617,0.5810801386833191,0.43047869205474854,0.5799800753593445,0.4211837947368622,0.6145061254501343,0.3997447192668915,0.6308613419532776,0.38097476959228516,0.6353020071983337,0.4371480345726013,0.6547805666923523,0.4232417643070221,0.6736137270927429,0.40374037623405457,0.6876307725906372,0.3844795227050781,0.6918412446975708,0.43579182028770447,0.7240135073661804,0.4236939549446106,0.7344924807548523,0.4025883376598358,0.7432025074958801,0.38411933183670044,0.7445408701896667
Thumbs Up,0.4568699598312378,0.8054823875427246,0.44698894023895264,0.6652346849441528,0.47681888937950134,0.5508434176445007,0.5090687870979309,0.46461883187294006,0.5220543742179871,0.3898200988769531,0.571749210357666,0.5833091139793396,0.553632378578186,0.5907049179077148,0.5313118696212769,0.6098491549491882,0.5185390114784241,0.6227834224700928,0.5917819738388062,0.6533375382423401,0.5678129196166992,0.6556174755096436,0.5483733415603638,0.666715145111084,0.5355538725852966,0.6837853789329529,0.5947197079658508,0.7232767343521118,0.5738294124603271,0.7145583033561707,0.5569372177124023,0.721348226070404,0.5426988005638123,0.7350928783416748,0.5905510187149048,0.7868201732635498,0.5755820870399475,0.7737123370170593,0.5583966374397278,0.7771236896514893,0.5447952151298523,0.787299394607544
Thumbs Up,0.49808910489082336,0.8060503602027893,0.4826468825340271,0.6808686852455139,0.5023252367973328,0.5635430812835693,0.5307384133338928,0.48102259635925293,0.5491123199462891,0.42736345529556274,0.5828405022621155,0.6020499467849731,0.5553680658340454,0.5999779105186462,0.5354606509208679,0.6202033758163452,0.5229454040527344,0.6347736716270447,0.5997161269187927,0.6698229312896729,0.5693973898887634,0.6610997319221497,0.550706148147583,0.6709824204444885,0.537244439125061,0.6884708404541016,0.6002145409584045,0.7321590781211853,0.5763518810272217,0.7172998189926147,0.5604598522186279,0.7224249839782715,0.5473456978797913,0.7371038198471069,0.5927029252052307,0.7896754145622253,0.5764865279197693,0.7721894383430481,0.560874342918396,0.7730996608734131,0.5471770167350769,0.7837014198303223
